Date, PDO from HadISST 1.1 https://www.esrl.noaa.gov/psd/pdo/ Using EOF from 1920 to 2014 for N Pacific (see webpage)
1870-01-01,    0.263
1870-02-01,   -0.273
1870-03-01,   -0.187
1870-04-01,   -1.026
1870-05-01,   -1.146
1870-06-01,   -0.804
1870-07-01,   -0.598
1870-08-01,   -0.680
1870-09-01,   -0.323
1870-10-01,   -0.599
1870-11-01,   -0.729
1870-12-01,   -1.096
1871-01-01,   -0.378
1871-02-01,   -0.523
1871-03-01,   -0.060
1871-04-01,   -1.010
1871-05-01,   -1.156
1871-06-01,   -1.635
1871-07-01,   -1.091
1871-08-01,   -0.729
1871-09-01,   -0.532
1871-10-01,   -0.206
1871-11-01,   -0.120
1871-12-01,   -0.301
1872-01-01,   -0.887
1872-02-01,   -1.393
1872-03-01,   -0.506
1872-04-01,   -0.596
1872-05-01,   -0.128
1872-06-01,   -0.426
1872-07-01,   -0.098
1872-08-01,   -0.974
1872-09-01,   -0.555
1872-10-01,   -1.018
1872-11-01,   -0.749
1872-12-01,   -1.123
1873-01-01,   -0.952
1873-02-01,   -0.943
1873-03-01,   -1.188
1873-04-01,   -0.463
1873-05-01,   -0.348
1873-06-01,   -0.239
1873-07-01,   -0.143
1873-08-01,   -0.614
1873-09-01,   -1.073
1873-10-01,   -0.522
1873-11-01,   -1.062
1873-12-01,   -1.371
1874-01-01,   -1.041
1874-02-01,   -1.224
1874-03-01,   -0.996
1874-04-01,   -0.794
1874-05-01,   -0.914
1874-06-01,   -0.624
1874-07-01,   -0.770
1874-08-01,   -1.392
1874-09-01,   -1.590
1874-10-01,   -1.368
1874-11-01,   -1.056
1874-12-01,   -0.963
1875-01-01,   -0.657
1875-02-01,   -1.200
1875-03-01,   -0.941
1875-04-01,   -0.967
1875-05-01,   -1.589
1875-06-01,   -0.808
1875-07-01,   -0.608
1875-08-01,   -0.447
1875-09-01,   -0.551
1875-10-01,   -0.199
1875-11-01,    0.517
1875-12-01,   -0.713
1876-01-01,   -0.652
1876-02-01,   -1.056
1876-03-01,   -1.281
1876-04-01,   -1.121
1876-05-01,   -1.175
1876-06-01,   -1.029
1876-07-01,   -1.051
1876-08-01,   -1.269
1876-09-01,   -0.624
1876-10-01,    0.482
1876-11-01,    1.056
1876-12-01,    0.653
1877-01-01,    0.704
1877-02-01,    0.080
1877-03-01,    0.445
1877-04-01,    0.391
1877-05-01,    0.619
1877-06-01,    0.736
1877-07-01,    2.600
1877-08-01,    1.483
1877-09-01,    1.925
1877-10-01,    1.403
1877-11-01,    1.189
1877-12-01,    1.243
1878-01-01,    1.250
1878-02-01,    1.568
1878-03-01,    1.279
1878-04-01,    1.429
1878-05-01,    1.189
1878-06-01,    0.918
1878-07-01,    1.070
1878-08-01,    0.674
1878-09-01,    0.028
1878-10-01,   -0.115
1878-11-01,    0.033
1878-12-01,    0.499
1879-01-01,    0.870
1879-02-01,    0.524
1879-03-01,    0.632
1879-04-01,   -0.146
1879-05-01,   -0.539
1879-06-01,   -1.167
1879-07-01,   -0.823
1879-08-01,   -0.428
1879-09-01,   -0.148
1879-10-01,    0.102
1879-11-01,   -0.571
1879-12-01,    0.221
1880-01-01,   -0.045
1880-02-01,   -0.907
1880-03-01,   -1.308
1880-04-01,   -1.501
1880-05-01,   -1.857
1880-06-01,   -1.460
1880-07-01,   -0.913
1880-08-01,   -0.672
1880-09-01,   -0.614
1880-10-01,   -0.152
1880-11-01,    0.081
1880-12-01,   -0.263
1881-01-01,   -0.172
1881-02-01,   -0.079
1881-03-01,    0.463
1881-04-01,    0.788
1881-05-01,    0.930
1881-06-01,    0.481
1881-07-01,    0.176
1881-08-01,   -0.536
1881-09-01,   -0.005
1881-10-01,   -0.240
1881-11-01,   -0.437
1881-12-01,   -0.794
1882-01-01,   -1.113
1882-02-01,   -1.366
1882-03-01,   -1.378
1882-04-01,   -1.032
1882-05-01,   -0.568
1882-06-01,   -0.562
1882-07-01,   -1.119
1882-08-01,   -0.701
1882-09-01,   -0.729
1882-10-01,   -0.657
1882-11-01,   -0.473
1882-12-01,   -0.360
1883-01-01,   -0.056
1883-02-01,   -0.713
1883-03-01,   -0.734
1883-04-01,    0.058
1883-05-01,   -0.145
1883-06-01,    0.007
1883-07-01,   -0.488
1883-08-01,   -0.266
1883-09-01,   -0.052
1883-10-01,   -0.456
1883-11-01,   -0.323
1883-12-01,   -0.813
1884-01-01,   -1.175
1884-02-01,   -1.807
1884-03-01,   -0.851
1884-04-01,   -0.074
1884-05-01,    0.253
1884-06-01,    0.274
1884-07-01,    0.645
1884-08-01,    0.942
1884-09-01,    0.776
1884-10-01,    0.738
1884-11-01,    1.104
1884-12-01,    1.410
1885-01-01,    1.513
1885-02-01,    0.858
1885-03-01,    1.309
1885-04-01,    1.245
1885-05-01,    1.337
1885-06-01,    1.143
1885-07-01,    0.968
1885-08-01,    1.389
1885-09-01,    1.466
1885-10-01,    1.526
1885-11-01,    1.303
1885-12-01,    1.095
1886-01-01,    1.155
1886-02-01,    0.949
1886-03-01,    0.445
1886-04-01,    0.456
1886-05-01,   -0.818
1886-06-01,   -0.988
1886-07-01,   -0.120
1886-08-01,    0.135
1886-09-01,    0.271
1886-10-01,    0.306
1886-11-01,    0.012
1886-12-01,   -0.025
1887-01-01,   -0.057
1887-02-01,   -0.133
1887-03-01,   -0.184
1887-04-01,   -0.521
1887-05-01,   -0.169
1887-06-01,   -0.072
1887-07-01,   -0.549
1887-08-01,   -0.983
1887-09-01,   -0.772
1887-10-01,   -0.338
1887-11-01,    0.229
1887-12-01,   -0.316
1888-01-01,   -0.312
1888-02-01,    0.542
1888-03-01,    0.290
1888-04-01,    0.368
1888-05-01,    1.196
1888-06-01,    1.572
1888-07-01,    0.960
1888-08-01,    0.662
1888-09-01,    1.647
1888-10-01,    1.983
1888-11-01,    1.123
1888-12-01,    1.384
1889-01-01,    1.058
1889-02-01,    0.401
1889-03-01,    0.401
1889-04-01,    1.183
1889-05-01,    1.276
1889-06-01,    0.315
1889-07-01,    0.743
1889-08-01,    0.199
1889-09-01,   -0.040
1889-10-01,   -0.385
1889-11-01,    0.320
1889-12-01,   -0.777
1890-01-01,   -1.703
1890-02-01,   -1.443
1890-03-01,   -0.696
1890-04-01,   -0.624
1890-05-01,   -0.988
1890-06-01,   -1.316
1890-07-01,   -0.832
1890-08-01,   -0.152
1890-09-01,   -0.431
1890-10-01,   -0.194
1890-11-01,    0.252
1890-12-01,    0.186
1891-01-01,    0.093
1891-02-01,   -0.246
1891-03-01,    0.179
1891-04-01,    0.011
1891-05-01,    0.064
1891-06-01,    0.274
1891-07-01,    0.295
1891-08-01,    0.083
1891-09-01,    0.039
1891-10-01,    0.491
1891-11-01,   -0.062
1891-12-01,    0.062
1892-01-01,    0.087
1892-02-01,   -0.019
1892-03-01,   -0.126
1892-04-01,   -0.064
1892-05-01,   -0.681
1892-06-01,   -0.612
1892-07-01,   -0.593
1892-08-01,   -0.685
1892-09-01,   -0.376
1892-10-01,   -0.595
1892-11-01,    0.071
1892-12-01,   -0.140
1893-01-01,    0.249
1893-02-01,   -0.557
1893-03-01,   -1.012
1893-04-01,   -0.628
1893-05-01,   -1.242
1893-06-01,   -0.728
1893-07-01,   -0.510
1893-08-01,   -0.784
1893-09-01,   -0.925
1893-10-01,   -0.997
1893-11-01,   -0.881
1893-12-01,   -1.037
1894-01-01,   -0.749
1894-02-01,   -0.804
1894-03-01,   -1.537
1894-04-01,   -1.600
1894-05-01,   -1.876
1894-06-01,   -1.789
1894-07-01,   -1.462
1894-08-01,   -1.568
1894-09-01,   -1.874
1894-10-01,   -1.787
1894-11-01,   -1.489
1894-12-01,    0.067
1895-01-01,    0.454
1895-02-01,    0.539
1895-03-01,    0.584
1895-04-01,    0.140
1895-05-01,   -0.048
1895-06-01,   -0.126
1895-07-01,   -0.569
1895-08-01,   -0.578
1895-09-01,   -0.019
1895-10-01,    0.774
1895-11-01,    0.425
1895-12-01,    0.390
1896-01-01,    0.571
1896-02-01,    0.668
1896-03-01,    0.058
1896-04-01,   -0.305
1896-05-01,   -0.479
1896-06-01,   -0.043
1896-07-01,    0.343
1896-08-01,    0.588
1896-09-01,    1.722
1896-10-01,    1.496
1896-11-01,   -0.061
1896-12-01,    0.455
1897-01-01,    0.861
1897-02-01,    0.840
1897-03-01,    0.245
1897-04-01,    0.544
1897-05-01,    0.823
1897-06-01,    1.154
1897-07-01,    0.929
1897-08-01,    0.677
1897-09-01,    0.715
1897-10-01,    1.030
1897-11-01,    0.335
1897-12-01,   -0.356
1898-01-01,   -0.826
1898-02-01,   -0.739
1898-03-01,   -0.508
1898-04-01,   -0.349
1898-05-01,   -0.443
1898-06-01,   -0.557
1898-07-01,   -0.261
1898-08-01,    0.102
1898-09-01,   -0.255
1898-10-01,   -1.023
1898-11-01,   -0.098
1898-12-01,    0.588
1899-01-01,   -0.101
1899-02-01,   -0.884
1899-03-01,   -0.719
1899-04-01,   -0.702
1899-05-01,   -0.401
1899-06-01,   -0.253
1899-07-01,   -1.123
1899-08-01,    0.544
1899-09-01,    1.252
1899-10-01,   -0.232
1899-11-01,    0.857
1899-12-01,    1.198
1900-01-01,    0.976
1900-02-01,    0.915
1900-03-01,    0.845
1900-04-01,    1.228
1900-05-01,    0.753
1900-06-01,    0.912
1900-07-01,    1.393
1900-08-01,    1.225
1900-09-01,    0.996
1900-10-01,    0.446
1900-11-01,   -0.123
1900-12-01,    1.542
1901-01-01,    0.987
1901-02-01,    1.016
1901-03-01,    0.694
1901-04-01,    0.198
1901-05-01,   -0.375
1901-06-01,   -0.686
1901-07-01,   -0.510
1901-08-01,   -0.586
1901-09-01,    0.186
1901-10-01,    0.484
1901-11-01,    0.290
1901-12-01,    0.633
1902-01-01,    0.510
1902-02-01,    0.758
1902-03-01,    0.829
1902-04-01,    1.720
1902-05-01,    0.595
1902-06-01,    1.258
1902-07-01,    2.380
1902-08-01,    1.046
1902-09-01,    0.591
1902-10-01,    0.633
1902-11-01,    0.057
1902-12-01,    0.140
1903-01-01,   -0.134
1903-02-01,   -0.327
1903-03-01,    0.121
1903-04-01,   -0.640
1903-05-01,    0.675
1903-06-01,   -0.063
1903-07-01,    1.076
1903-08-01,    0.721
1903-09-01,    0.696
1903-10-01,   -0.068
1903-11-01,   -0.422
1903-12-01,    0.566
1904-01-01,    0.070
1904-02-01,   -1.043
1904-03-01,   -0.678
1904-04-01,   -0.841
1904-05-01,   -0.675
1904-06-01,   -0.128
1904-07-01,   -0.168
1904-08-01,    0.949
1904-09-01,    0.910
1904-10-01,    0.144
1904-11-01,    0.889
1904-12-01,    0.981
1905-01-01,    0.844
1905-02-01,    1.478
1905-03-01,    2.085
1905-04-01,    1.437
1905-05-01,    0.760
1905-06-01,    1.319
1905-07-01,    0.644
1905-08-01,    1.991
1905-09-01,    0.132
1905-10-01,    0.263
1905-11-01,    0.961
1905-12-01,    0.488
1906-01-01,    0.849
1906-02-01,    1.101
1906-03-01,    1.174
1906-04-01,    1.318
1906-05-01,    0.756
1906-06-01,    0.497
1906-07-01,   -0.391
1906-08-01,   -0.825
1906-09-01,   -1.521
1906-10-01,   -0.113
1906-11-01,    0.957
1906-12-01,   -0.080
1907-01-01,   -0.987
1907-02-01,    0.299
1907-03-01,   -0.457
1907-04-01,   -1.066
1907-05-01,   -0.475
1907-06-01,    0.065
1907-07-01,    0.183
1907-08-01,   -0.736
1907-09-01,   -0.431
1907-10-01,    0.220
1907-11-01,   -0.165
1907-12-01,    0.293
1908-01-01,    0.255
1908-02-01,    0.167
1908-03-01,    0.799
1908-04-01,   -0.072
1908-05-01,   -0.195
1908-06-01,    0.264
1908-07-01,    0.136
1908-08-01,   -1.827
1908-09-01,   -0.979
1908-10-01,   -0.681
1908-11-01,   -0.693
1908-12-01,   -0.043
1909-01-01,   -0.006
1909-02-01,   -0.622
1909-03-01,   -0.155
1909-04-01,   -0.376
1909-05-01,   -0.228
1909-06-01,   -0.429
1909-07-01,   -0.687
1909-08-01,   -1.015
1909-09-01,   -2.020
1909-10-01,   -1.510
1909-11-01,   -1.671
1909-12-01,   -1.277
1910-01-01,   -1.855
1910-02-01,   -0.711
1910-03-01,    0.002
1910-04-01,   -0.860
1910-05-01,   -1.077
1910-06-01,   -1.994
1910-07-01,   -0.691
1910-08-01,   -1.815
1910-09-01,   -1.596
1910-10-01,   -1.572
1910-11-01,   -1.076
1910-12-01,   -0.081
1911-01-01,   -0.229
1911-02-01,   -1.027
1911-03-01,   -0.509
1911-04-01,   -0.735
1911-05-01,   -0.736
1911-06-01,   -0.884
1911-07-01,   -0.373
1911-08-01,   -0.628
1911-09-01,   -0.772
1911-10-01,   -0.946
1911-11-01,   -0.676
1911-12-01,    0.187
1912-01-01,   -0.132
1912-02-01,    0.046
1912-03-01,   -0.152
1912-04-01,   -0.206
1912-05-01,   -0.321
1912-06-01,   -0.089
1912-07-01,    0.573
1912-08-01,   -0.187
1912-09-01,    0.155
1912-10-01,   -0.055
1912-11-01,   -0.062
1912-12-01,   -0.663
1913-01-01,   -0.857
1913-02-01,    0.423
1913-03-01,   -0.117
1913-04-01,   -1.120
1913-05-01,   -1.174
1913-06-01,   -0.092
1913-07-01,   -0.178
1913-08-01,   -0.134
1913-09-01,   -0.744
1913-10-01,    0.396
1913-11-01,   -0.127
1913-12-01,    0.356
1914-01-01,    0.627
1914-02-01,    0.104
1914-03-01,    0.270
1914-04-01,    0.803
1914-05-01,   -0.262
1914-06-01,   -1.095
1914-07-01,   -1.782
1914-08-01,   -0.669
1914-09-01,   -0.935
1914-10-01,   -0.887
1914-11-01,   -0.764
1914-12-01,    0.143
1915-01-01,    0.865
1915-02-01,    0.724
1915-03-01,    1.339
1915-04-01,    1.177
1915-05-01,    1.507
1915-06-01,    1.587
1915-07-01,    1.034
1915-08-01,    0.295
1915-09-01,   -0.419
1915-10-01,   -0.683
1915-11-01,   -0.531
1915-12-01,   -0.333
1916-01-01,   -0.231
1916-02-01,   -0.292
1916-03-01,   -0.167
1916-04-01,   -0.267
1916-05-01,   -0.393
1916-06-01,   -0.448
1916-07-01,   -0.831
1916-08-01,   -0.828
1916-09-01,   -0.919
1916-10-01,   -0.857
1916-11-01,   -1.285
1916-12-01,   -1.044
1917-01-01,   -0.961
1917-02-01,   -0.999
1917-03-01,   -0.960
1917-04-01,   -0.755
1917-05-01,   -0.810
1917-06-01,   -0.531
1917-07-01,   -0.136
1917-08-01,    0.059
1917-09-01,   -0.212
1917-10-01,   -0.388
1917-11-01,   -0.569
1917-12-01,   -0.198
1918-01-01,   -0.017
1918-02-01,   -0.298
1918-03-01,   -0.266
1918-04-01,   -0.690
1918-05-01,   -0.326
1918-06-01,    0.260
1918-07-01,    0.711
1918-08-01,    0.705
1918-09-01,    1.170
1918-10-01,    1.642
1918-11-01,    1.498
1918-12-01,    1.133
1919-01-01,    1.474
1919-02-01,    0.734
1919-03-01,    0.294
1919-04-01,    0.229
1919-05-01,    0.053
1919-06-01,   -0.139
1919-07-01,   -0.250
1919-08-01,    0.106
1919-09-01,    0.350
1919-10-01,    0.592
1919-11-01,    0.228
1919-12-01,    0.432
1920-01-01,    0.208
1920-02-01,   -0.364
1920-03-01,   -1.232
1920-04-01,   -1.122
1920-05-01,   -0.311
1920-06-01,   -0.474
1920-07-01,    0.084
1920-08-01,   -0.947
1920-09-01,   -1.122
1920-10-01,   -1.270
1920-11-01,   -0.708
1920-12-01,   -0.609
1921-01-01,   -0.318
1921-02-01,   -0.575
1921-03-01,   -0.744
1921-04-01,   -1.192
1921-05-01,   -1.593
1921-06-01,   -1.218
1921-07-01,   -1.725
1921-08-01,   -0.795
1921-09-01,   -0.986
1921-10-01,   -0.328
1921-11-01,    0.681
1921-12-01,    0.641
1922-01-01,    0.109
1922-02-01,   -0.839
1922-03-01,   -0.558
1922-04-01,   -0.657
1922-05-01,   -0.981
1922-06-01,   -1.085
1922-07-01,   -0.487
1922-08-01,   -0.971
1922-09-01,   -0.580
1922-10-01,    0.076
1922-11-01,   -0.273
1922-12-01,    0.068
1923-01-01,   -0.061
1923-02-01,    0.009
1923-03-01,   -0.043
1923-04-01,    0.089
1923-05-01,   -0.147
1923-06-01,   -0.043
1923-07-01,    0.374
1923-08-01,   -0.234
1923-09-01,   -0.400
1923-10-01,    0.767
1923-11-01,    1.071
1923-12-01,    0.098
1924-01-01,    0.367
1924-02-01,    0.777
1924-03-01,    0.390
1924-04-01,    0.426
1924-05-01,   -0.395
1924-06-01,    0.208
1924-07-01,   -0.659
1924-08-01,   -0.740
1924-09-01,   -0.638
1924-10-01,   -1.071
1924-11-01,   -0.141
1924-12-01,    0.372
1925-01-01,   -0.071
1925-02-01,    0.187
1925-03-01,   -0.023
1925-04-01,    0.486
1925-05-01,   -0.230
1925-06-01,   -1.360
1925-07-01,   -0.245
1925-08-01,   -1.271
1925-09-01,   -0.184
1925-10-01,    0.792
1925-11-01,    1.157
1925-12-01,    1.483
1926-01-01,    2.179
1926-02-01,    1.773
1926-03-01,    1.353
1926-04-01,    1.459
1926-05-01,    1.601
1926-06-01,    1.630
1926-07-01,    1.050
1926-08-01,    0.511
1926-09-01,    0.475
1926-10-01,    0.817
1926-11-01,    1.836
1926-12-01,    1.731
1927-01-01,    1.529
1927-02-01,    1.934
1927-03-01,    1.268
1927-04-01,    0.913
1927-05-01,   -0.332
1927-06-01,    0.340
1927-07-01,   -0.618
1927-08-01,   -0.899
1927-09-01,   -0.801
1927-10-01,   -0.540
1927-11-01,   -0.157
1927-12-01,   -0.355
1928-01-01,    0.634
1928-02-01,    0.867
1928-03-01,    0.693
1928-04-01,    0.619
1928-05-01,    0.510
1928-06-01,    0.525
1928-07-01,    0.230
1928-08-01,   -0.448
1928-09-01,   -1.111
1928-10-01,   -0.654
1928-11-01,   -0.138
1928-12-01,    0.149
1929-01-01,    0.232
1929-02-01,   -0.078
1929-03-01,    0.175
1929-04-01,   -0.187
1929-05-01,    0.607
1929-06-01,   -0.184
1929-07-01,    0.190
1929-08-01,   -0.223
1929-09-01,    1.101
1929-10-01,    0.356
1929-11-01,    0.819
1929-12-01,    1.057
1930-01-01,    0.416
1930-02-01,    0.603
1930-03-01,    0.267
1930-04-01,   -0.148
1930-05-01,   -0.498
1930-06-01,    0.021
1930-07-01,   -0.784
1930-08-01,    0.501
1930-09-01,    0.448
1930-10-01,    0.633
1930-11-01,    0.577
1930-12-01,    0.753
1931-01-01,    1.523
1931-02-01,    1.950
1931-03-01,    2.063
1931-04-01,    1.683
1931-05-01,    1.860
1931-06-01,    1.540
1931-07-01,    1.561
1931-08-01,    1.089
1931-09-01,    0.867
1931-10-01,    0.641
1931-11-01,    0.355
1931-12-01,    0.169
1932-01-01,   -0.505
1932-02-01,   -0.316
1932-03-01,    0.455
1932-04-01,    1.031
1932-05-01,   -0.292
1932-06-01,   -0.161
1932-07-01,   -0.235
1932-08-01,   -0.145
1932-09-01,   -0.472
1932-10-01,    0.111
1932-11-01,    0.016
1932-12-01,    0.140
1933-01-01,   -0.236
1933-02-01,   -0.630
1933-03-01,   -0.475
1933-04-01,   -0.615
1933-05-01,   -1.066
1933-06-01,   -1.452
1933-07-01,   -2.297
1933-08-01,   -1.764
1933-09-01,   -1.818
1933-10-01,   -0.849
1933-11-01,    0.057
1933-12-01,   -0.211
1934-01-01,   -0.127
1934-02-01,    0.475
1934-03-01,    1.035
1934-04-01,    1.429
1934-05-01,    1.000
1934-06-01,    0.114
1934-07-01,   -0.173
1934-08-01,    0.841
1934-09-01,    0.767
1934-10-01,    1.441
1934-11-01,    1.700
1934-12-01,    1.524
1935-01-01,    0.771
1935-02-01,    0.594
1935-03-01,   -0.003
1935-04-01,    0.382
1935-05-01,    0.519
1935-06-01,    0.840
1935-07-01,    0.118
1935-08-01,    0.252
1935-09-01,    0.356
1935-10-01,    0.649
1935-11-01,    0.226
1935-12-01,    1.307
1936-01-01,    1.693
1936-02-01,    1.546
1936-03-01,    1.291
1936-04-01,    1.198
1936-05-01,    1.590
1936-06-01,    1.753
1936-07-01,    1.834
1936-08-01,    1.075
1936-09-01,    0.232
1936-10-01,    2.027
1936-11-01,    2.080
1936-12-01,    1.464
1937-01-01,    0.181
1937-02-01,   -0.081
1937-03-01,   -0.206
1937-04-01,   -0.491
1937-05-01,   -0.143
1937-06-01,    0.969
1937-07-01,    0.145
1937-08-01,   -0.454
1937-09-01,    0.113
1937-10-01,    0.487
1937-11-01,    0.573
1937-12-01,    1.266
1938-01-01,    1.178
1938-02-01,    0.343
1938-03-01,   -0.190
1938-04-01,    0.134
1938-05-01,   -0.426
1938-06-01,   -0.347
1938-07-01,   -0.228
1938-08-01,   -0.418
1938-09-01,    0.099
1938-10-01,    0.557
1938-11-01,    0.200
1938-12-01,    0.629
1939-01-01,    0.768
1939-02-01,   -0.378
1939-03-01,   -0.410
1939-04-01,    0.152
1939-05-01,    0.550
1939-06-01,    0.311
1939-07-01,   -0.090
1939-08-01,   -0.387
1939-09-01,   -0.590
1939-10-01,   -0.823
1939-11-01,    0.056
1939-12-01,    1.829
1940-01-01,    1.715
1940-02-01,    1.882
1940-03-01,    1.956
1940-04-01,    1.957
1940-05-01,    2.136
1940-06-01,    2.469
1940-07-01,    1.733
1940-08-01,    1.313
1940-09-01,    1.280
1940-10-01,    1.482
1940-11-01,    1.610
1940-12-01,    1.903
1941-01-01,    2.297
1941-02-01,    2.365
1941-03-01,    2.209
1941-04-01,    2.171
1941-05-01,    2.178
1941-06-01,    2.107
1941-07-01,    2.727
1941-08-01,    3.241
1941-09-01,    2.101
1941-10-01,    1.821
1941-11-01,    1.701
1941-12-01,    2.203
1942-01-01,    1.991
1942-02-01,    0.932
1942-03-01,    1.275
1942-04-01,    0.863
1942-05-01,    1.317
1942-06-01,    0.884
1942-07-01,    0.548
1942-08-01,    0.328
1942-09-01,    0.298
1942-10-01,    0.057
1942-11-01,   -0.048
1942-12-01,   -0.392
1943-01-01,   -0.242
1943-02-01,    0.480
1943-03-01,    0.474
1943-04-01,    0.346
1943-05-01,    0.192
1943-06-01,   -0.453
1943-07-01,   -0.627
1943-08-01,   -1.290
1943-09-01,   -0.442
1943-10-01,    0.181
1943-11-01,    0.350
1943-12-01,    0.509
1944-01-01,    0.625
1944-02-01,   -0.158
1944-03-01,    0.024
1944-04-01,   -0.017
1944-05-01,   -0.560
1944-06-01,   -0.643
1944-07-01,   -0.349
1944-08-01,   -0.025
1944-09-01,   -0.278
1944-10-01,   -1.115
1944-11-01,   -0.614
1944-12-01,   -0.861
1945-01-01,   -0.968
1945-02-01,    0.222
1945-03-01,   -1.150
1945-04-01,   -0.825
1945-05-01,   -0.243
1945-06-01,    0.304
1945-07-01,    0.569
1945-08-01,    0.095
1945-09-01,   -0.088
1945-10-01,   -0.386
1945-11-01,   -0.943
1945-12-01,   -1.352
1946-01-01,   -0.932
1946-02-01,   -0.289
1946-03-01,   -0.603
1946-04-01,   -0.218
1946-05-01,   -1.015
1946-06-01,   -0.627
1946-07-01,   -0.083
1946-08-01,    1.198
1946-09-01,    0.718
1946-10-01,   -0.926
1946-11-01,   -0.837
1946-12-01,   -1.031
1947-01-01,   -0.670
1947-02-01,   -0.208
1947-03-01,    1.034
1947-04-01,    0.474
1947-05-01,    0.168
1947-06-01,    1.727
1947-07-01,    0.715
1947-08-01,    0.569
1947-09-01,    1.132
1947-10-01,    1.091
1947-11-01,   -0.026
1947-12-01,    0.186
1948-01-01,    0.371
1948-02-01,   -0.514
1948-03-01,   -0.706
1948-04-01,   -1.006
1948-05-01,   -0.918
1948-06-01,   -0.152
1948-07-01,    0.655
1948-08-01,   -0.942
1948-09-01,   -1.155
1948-10-01,   -1.055
1948-11-01,   -0.224
1948-12-01,   -0.524
1949-01-01,   -2.801
1949-02-01,   -3.248
1949-03-01,   -2.155
1949-04-01,   -1.583
1949-05-01,   -0.993
1949-06-01,   -0.816
1949-07-01,   -0.679
1949-08-01,   -1.248
1949-09-01,   -0.979
1949-10-01,   -1.534
1949-11-01,   -1.013
1949-12-01,   -1.143
1950-01-01,   -1.560
1950-02-01,   -2.279
1950-03-01,   -1.972
1950-04-01,   -1.625
1950-05-01,   -2.415
1950-06-01,   -1.828
1950-07-01,   -2.623
1950-08-01,   -1.824
1950-09-01,   -1.613
1950-10-01,   -1.358
1950-11-01,   -1.806
1950-12-01,   -0.832
1951-01-01,   -1.271
1951-02-01,   -1.595
1951-03-01,   -1.564
1951-04-01,   -0.994
1951-05-01,   -1.041
1951-06-01,   -0.849
1951-07-01,    0.372
1951-08-01,   -0.843
1951-09-01,    0.143
1951-10-01,    0.218
1951-11-01,   -0.142
1951-12-01,   -1.377
1952-01-01,   -2.021
1952-02-01,   -0.953
1952-03-01,   -1.174
1952-04-01,   -1.344
1952-05-01,   -0.992
1952-06-01,   -1.773
1952-07-01,   -1.534
1952-08-01,   -0.627
1952-09-01,   -0.530
1952-10-01,   -0.090
1952-11-01,   -0.196
1952-12-01,   -0.710
1953-01-01,   -0.189
1953-02-01,   -0.257
1953-03-01,   -1.022
1953-04-01,   -0.638
1953-05-01,   -0.106
1953-06-01,   -0.223
1953-07-01,    0.060
1953-08-01,   -0.510
1953-09-01,   -0.472
1953-10-01,   -0.691
1953-11-01,   -0.305
1953-12-01,   -0.064
1954-01-01,   -0.864
1954-02-01,   -0.843
1954-03-01,   -0.644
1954-04-01,   -0.932
1954-05-01,   -0.283
1954-06-01,    0.338
1954-07-01,    0.153
1954-08-01,   -0.108
1954-09-01,   -0.733
1954-10-01,   -0.018
1954-11-01,    0.849
1954-12-01,    0.076
1955-01-01,   -0.289
1955-02-01,   -1.158
1955-03-01,   -1.324
1955-04-01,   -1.950
1955-05-01,   -1.638
1955-06-01,   -2.357
1955-07-01,   -2.332
1955-08-01,   -1.955
1955-09-01,   -1.761
1955-10-01,   -2.796
1955-11-01,   -2.099
1955-12-01,   -2.246
1956-01-01,   -1.954
1956-02-01,   -2.135
1956-03-01,   -2.513
1956-04-01,   -2.355
1956-05-01,   -1.657
1956-06-01,   -2.308
1956-07-01,   -1.438
1956-08-01,   -0.727
1956-09-01,   -0.465
1956-10-01,   -1.570
1956-11-01,   -1.913
1956-12-01,   -0.945
1957-01-01,   -1.281
1957-02-01,   -1.285
1957-03-01,   -0.646
1957-04-01,   -0.545
1957-05-01,    0.100
1957-06-01,    1.136
1957-07-01,    0.450
1957-08-01,    0.189
1957-09-01,    1.749
1957-10-01,    1.647
1957-11-01,    1.385
1957-12-01,    0.432
1958-01-01,    0.681
1958-02-01,    0.916
1958-03-01,    0.551
1958-04-01,    0.627
1958-05-01,    1.306
1958-06-01,    1.481
1958-07-01,    0.440
1958-08-01,    1.399
1958-09-01,    1.115
1958-10-01,    0.490
1958-11-01,    0.504
1958-12-01,    1.276
1959-01-01,    1.122
1959-02-01,    0.434
1959-03-01,   -0.161
1959-04-01,    0.096
1959-05-01,    0.050
1959-06-01,    0.404
1959-07-01,   -0.195
1959-08-01,   -0.347
1959-09-01,   -0.197
1959-10-01,    1.040
1959-11-01,    1.241
1959-12-01,    0.858
1960-01-01,    0.265
1960-02-01,    0.553
1960-03-01,    0.442
1960-04-01,    0.427
1960-05-01,    0.637
1960-06-01,    0.853
1960-07-01,   -0.311
1960-08-01,   -0.022
1960-09-01,   -0.622
1960-10-01,   -0.007
1960-11-01,    0.059
1960-12-01,    0.350
1961-01-01,    0.918
1961-02-01,    1.038
1961-03-01,    0.846
1961-04-01,    0.593
1961-05-01,   -0.138
1961-06-01,   -0.267
1961-07-01,   -0.917
1961-08-01,   -0.403
1961-09-01,   -0.862
1961-10-01,   -1.428
1961-11-01,   -1.038
1961-12-01,   -1.471
1962-01-01,   -0.862
1962-02-01,   -0.965
1962-03-01,   -1.033
1962-04-01,   -0.883
1962-05-01,   -0.971
1962-06-01,   -1.689
1962-07-01,   -1.456
1962-08-01,   -0.543
1962-09-01,   -1.312
1962-10-01,   -1.182
1962-11-01,   -0.358
1962-12-01,   -0.145
1963-01-01,    0.054
1963-02-01,    0.384
1963-03-01,   -0.092
1963-04-01,   -0.248
1963-05-01,   -0.926
1963-06-01,   -0.818
1963-07-01,   -1.037
1963-08-01,   -0.769
1963-09-01,    0.825
1963-10-01,    0.215
1963-11-01,   -0.426
1963-12-01,    0.210
1964-01-01,    0.115
1964-02-01,   -0.167
1964-03-01,   -0.866
1964-04-01,   -1.324
1964-05-01,   -2.036
1964-06-01,   -0.816
1964-07-01,   -1.060
1964-08-01,   -1.515
1964-09-01,   -1.082
1964-10-01,   -0.581
1964-11-01,   -0.830
1964-12-01,   -0.948
1965-01-01,   -0.758
1965-02-01,   -0.472
1965-03-01,   -0.249
1965-04-01,   -0.041
1965-05-01,   -0.308
1965-06-01,   -0.515
1965-07-01,   -0.437
1965-08-01,    0.785
1965-09-01,    1.140
1965-10-01,    0.577
1965-11-01,    0.594
1965-12-01,    0.069
1966-01-01,   -0.627
1966-02-01,   -0.383
1966-03-01,   -0.847
1966-04-01,   -0.160
1966-05-01,   -0.235
1966-06-01,    0.005
1966-07-01,    0.365
1966-08-01,    0.170
1966-09-01,    0.290
1966-10-01,   -0.192
1966-11-01,   -0.540
1966-12-01,   -0.323
1967-01-01,   -0.374
1967-02-01,   -0.535
1967-03-01,   -0.699
1967-04-01,   -1.110
1967-05-01,   -1.506
1967-06-01,   -1.416
1967-07-01,   -1.068
1967-08-01,   -1.277
1967-09-01,   -0.354
1967-10-01,   -0.236
1967-11-01,    0.006
1967-12-01,   -0.805
1968-01-01,   -0.638
1968-02-01,   -0.317
1968-03-01,    0.044
1968-04-01,   -0.620
1968-05-01,   -0.445
1968-06-01,    0.092
1968-07-01,    0.524
1968-08-01,    0.251
1968-09-01,    0.471
1968-10-01,    0.019
1968-11-01,    0.070
1968-12-01,   -0.274
1969-01-01,   -0.712
1969-02-01,   -1.175
1969-03-01,   -1.045
1969-04-01,   -0.882
1969-05-01,   -0.719
1969-06-01,    0.985
1969-07-01,    0.203
1969-08-01,   -0.423
1969-09-01,   -0.506
1969-10-01,    1.195
1969-11-01,    0.580
1969-12-01,    0.989
1970-01-01,    1.107
1970-02-01,    1.045
1970-03-01,    1.235
1970-04-01,    0.293
1970-05-01,   -0.544
1970-06-01,   -0.058
1970-07-01,   -0.508
1970-08-01,   -1.224
1970-09-01,   -1.011
1970-10-01,   -0.986
1970-11-01,   -0.564
1970-12-01,   -1.025
1971-01-01,   -1.280
1971-02-01,   -1.412
1971-03-01,   -1.186
1971-04-01,   -1.308
1971-05-01,   -1.141
1971-06-01,   -1.591
1971-07-01,   -2.014
1971-08-01,   -0.142
1971-09-01,    0.038
1971-10-01,   -0.362
1971-11-01,   -1.354
1971-12-01,   -1.769
1972-01-01,   -1.977
1972-02-01,   -1.842
1972-03-01,   -1.283
1972-04-01,   -1.253
1972-05-01,   -1.520
1972-06-01,   -1.212
1972-07-01,   -0.674
1972-08-01,    0.278
1972-09-01,    0.052
1972-10-01,   -0.014
1972-11-01,   -0.109
1972-12-01,   -0.307
1973-01-01,   -0.459
1973-02-01,   -0.769
1973-03-01,   -0.714
1973-04-01,   -0.836
1973-05-01,   -0.897
1973-06-01,   -0.833
1973-07-01,   -0.566
1973-08-01,   -0.491
1973-09-01,   -0.238
1973-10-01,   -0.630
1973-11-01,   -1.017
1973-12-01,   -0.910
1974-01-01,   -0.690
1974-02-01,   -1.147
1974-03-01,   -1.017
1974-04-01,   -0.471
1974-05-01,   -0.380
1974-06-01,   -0.376
1974-07-01,    0.160
1974-08-01,    0.429
1974-09-01,    0.828
1974-10-01,    0.366
1974-11-01,    0.512
1974-12-01,    0.178
1975-01-01,   -0.479
1975-02-01,   -0.807
1975-03-01,   -0.905
1975-04-01,   -1.281
1975-05-01,   -1.533
1975-06-01,   -1.019
1975-07-01,   -0.427
1975-08-01,   -0.701
1975-09-01,   -0.675
1975-10-01,   -1.124
1975-11-01,   -1.364
1975-12-01,   -1.378
1976-01-01,   -0.859
1976-02-01,   -0.732
1976-03-01,   -1.081
1976-04-01,   -1.023
1976-05-01,   -0.618
1976-06-01,   -0.958
1976-07-01,    0.652
1976-08-01,    1.249
1976-09-01,    0.854
1976-10-01,    1.353
1976-11-01,    1.457
1976-12-01,    1.151
1977-01-01,    1.230
1977-02-01,    1.369
1977-03-01,    0.743
1977-04-01,    0.053
1977-05-01,   -0.072
1977-06-01,    0.426
1977-07-01,    0.233
1977-08-01,    0.556
1977-09-01,   -0.036
1977-10-01,   -0.187
1977-11-01,    0.236
1977-12-01,    0.169
1978-01-01,    0.814
1978-02-01,    0.959
1978-03-01,    1.309
1978-04-01,    1.145
1978-05-01,    1.149
1978-06-01,    0.779
1978-07-01,   -0.995
1978-08-01,   -0.247
1978-09-01,   -0.343
1978-10-01,    0.316
1978-11-01,    0.172
1978-12-01,   -0.334
1979-01-01,   -0.112
1979-02-01,   -0.828
1979-03-01,   -0.313
1979-04-01,    0.007
1979-05-01,    0.802
1979-06-01,    0.410
1979-07-01,    0.352
1979-08-01,    0.583
1979-09-01,    1.213
1979-10-01,    1.386
1979-11-01,    0.631
1979-12-01,    0.484
1980-01-01,    0.390
1980-02-01,    0.985
1980-03-01,    0.895
1980-04-01,    0.895
1980-05-01,    1.086
1980-06-01,   -0.273
1980-07-01,    0.024
1980-08-01,    0.383
1980-09-01,    0.312
1980-10-01,    1.412
1980-11-01,    1.104
1980-12-01,    0.891
1981-01-01,    1.440
1981-02-01,    1.544
1981-03-01,    1.474
1981-04-01,    1.430
1981-05-01,    1.522
1981-06-01,    2.107
1981-07-01,    1.191
1981-08-01,    0.720
1981-09-01,    0.964
1981-10-01,    0.139
1981-11-01,    0.688
1981-12-01,    0.765
1982-01-01,    0.222
1982-02-01,    0.058
1982-03-01,    0.004
1982-04-01,   -0.347
1982-05-01,   -0.625
1982-06-01,   -0.547
1982-07-01,    0.748
1982-08-01,    0.663
1982-09-01,    1.130
1982-10-01,    0.506
1982-11-01,   -0.311
1982-12-01,    0.163
1983-01-01,    0.373
1983-02-01,    1.038
1983-03-01,    1.674
1983-04-01,    1.473
1983-05-01,    1.335
1983-06-01,    1.805
1983-07-01,    2.757
1983-08-01,    1.642
1983-09-01,    0.721
1983-10-01,    0.870
1983-11-01,    1.104
1983-12-01,    1.257
1984-01-01,    1.216
1984-02-01,    1.099
1984-03-01,    1.366
1984-04-01,    0.967
1984-05-01,    0.905
1984-06-01,   -0.018
1984-07-01,   -0.085
1984-08-01,    0.410
1984-09-01,    0.527
1984-10-01,    0.555
1984-11-01,    0.508
1984-12-01,    0.392
1985-01-01,    0.842
1985-02-01,    0.547
1985-03-01,   -0.052
1985-04-01,   -0.114
1985-05-01,   -0.280
1985-06-01,    0.362
1985-07-01,    0.897
1985-08-01,    0.902
1985-09-01,    0.614
1985-10-01,    0.276
1985-11-01,   -0.582
1985-12-01,    0.390
1986-01-01,    0.853
1986-02-01,    1.611
1986-03-01,    1.913
1986-04-01,    1.305
1986-05-01,    0.853
1986-06-01,    1.121
1986-07-01,    1.402
1986-08-01,    0.646
1986-09-01,    0.679
1986-10-01,    1.278
1986-11-01,    1.594
1986-12-01,    1.516
1987-01-01,    1.565
1987-02-01,    1.694
1987-03-01,    1.552
1987-04-01,    1.664
1987-05-01,    1.644
1987-06-01,    0.895
1987-07-01,    1.800
1987-08-01,    2.299
1987-09-01,    2.008
1987-10-01,    1.152
1987-11-01,    1.010
1987-12-01,    0.854
1988-01-01,    0.517
1988-02-01,    0.461
1988-03-01,    0.605
1988-04-01,    0.483
1988-05-01,    0.670
1988-06-01,    0.364
1988-07-01,    0.257
1988-08-01,    0.145
1988-09-01,   -0.298
1988-10-01,    0.111
1988-11-01,   -0.095
1988-12-01,   -0.231
1989-01-01,   -1.153
1989-02-01,   -1.300
1989-03-01,   -0.987
1989-04-01,   -0.243
1989-05-01,   -0.118
1989-06-01,   -0.086
1989-07-01,    0.308
1989-08-01,   -0.066
1989-09-01,   -0.257
1989-10-01,   -0.351
1989-11-01,   -0.660
1989-12-01,   -0.348
1990-01-01,   -0.471
1990-02-01,   -0.776
1990-03-01,   -0.810
1990-04-01,   -0.095
1990-05-01,   -0.025
1990-06-01,   -0.138
1990-07-01,   -0.114
1990-08-01,   -0.069
1990-09-01,    0.031
1990-10-01,   -1.049
1990-11-01,   -1.581
1990-12-01,   -1.830
1991-01-01,   -1.644
1991-02-01,   -0.856
1991-03-01,   -0.982
1991-04-01,   -1.392
1991-05-01,   -1.281
1991-06-01,   -2.012
1991-07-01,   -1.002
1991-08-01,   -0.275
1991-09-01,    0.125
1991-10-01,    0.302
1991-11-01,    0.456
1991-12-01,   -0.202
1992-01-01,   -0.031
1992-02-01,    0.488
1992-03-01,    0.280
1992-04-01,    0.728
1992-05-01,    1.519
1992-06-01,    1.494
1992-07-01,    1.679
1992-08-01,    1.285
1992-09-01,    0.858
1992-10-01,    1.172
1992-11-01,    0.928
1992-12-01,    0.245
1993-01-01,   -0.256
1993-02-01,    0.257
1993-03-01,    0.620
1993-04-01,    1.010
1993-05-01,    1.523
1993-06-01,    1.933
1993-07-01,    1.581
1993-08-01,    2.163
1993-09-01,    1.359
1993-10-01,    1.332
1993-11-01,    0.829
1993-12-01,    0.589
1994-01-01,    0.804
1994-02-01,    0.371
1994-03-01,    0.452
1994-04-01,    0.704
1994-05-01,    0.613
1994-06-01,   -0.075
1994-07-01,   -0.361
1994-08-01,   -0.806
1994-09-01,   -0.932
1994-10-01,   -0.897
1994-11-01,   -2.012
1994-12-01,   -2.167
1995-01-01,   -0.941
1995-02-01,   -0.303
1995-03-01,    0.232
1995-04-01,    0.460
1995-05-01,    1.008
1995-06-01,    0.952
1995-07-01,    1.375
1995-08-01,    0.337
1995-09-01,    1.470
1995-10-01,    0.534
1995-11-01,   -0.017
1995-12-01,    0.092
1996-01-01,    0.502
1996-02-01,    0.580
1996-03-01,    0.759
1996-04-01,    1.163
1996-05-01,    1.783
1996-06-01,    1.082
1996-07-01,    0.498
1996-08-01,    0.449
1996-09-01,    0.359
1996-10-01,    0.170
1996-11-01,    0.324
1996-12-01,   -0.053
1997-01-01,    0.431
1997-02-01,    0.424
1997-03-01,    0.498
1997-04-01,    0.547
1997-05-01,    1.381
1997-06-01,    1.985
1997-07-01,    1.150
1997-08-01,    1.746
1997-09-01,    1.616
1997-10-01,    1.325
1997-11-01,    1.067
1997-12-01,    0.907
1998-01-01,    0.853
1998-02-01,    1.428
1998-03-01,    1.357
1998-04-01,    0.643
1998-05-01,    0.219
1998-06-01,    0.269
1998-07-01,   -0.271
1998-08-01,    0.064
1998-09-01,   -0.488
1998-10-01,   -1.033
1998-11-01,   -0.406
1998-12-01,   -0.607
1999-01-01,   -0.424
1999-02-01,   -0.679
1999-03-01,   -0.552
1999-04-01,   -0.908
1999-05-01,   -1.509
1999-06-01,   -1.741
1999-07-01,   -1.172
1999-08-01,   -0.895
1999-09-01,   -1.306
1999-10-01,   -1.756
1999-11-01,   -1.499
1999-12-01,   -1.546
2000-01-01,   -1.685
2000-02-01,   -1.000
2000-03-01,   -0.508
2000-04-01,   -0.111
2000-05-01,   -0.484
2000-06-01,   -0.843
2000-07-01,   -0.667
2000-08-01,   -0.956
2000-09-01,   -1.016
2000-10-01,   -1.110
2000-11-01,   -1.187
2000-12-01,   -0.639
2001-01-01,   -0.135
2001-02-01,   -0.347
2001-03-01,   -0.104
2001-04-01,   -0.504
2001-05-01,   -0.415
2001-06-01,   -0.741
2001-07-01,   -1.447
2001-08-01,   -0.884
2001-09-01,   -1.102
2001-10-01,   -0.813
2001-11-01,   -0.607
2001-12-01,   -0.701
2002-01-01,   -0.262
2002-02-01,   -0.868
2002-03-01,   -0.465
2002-04-01,   -0.589
2002-05-01,   -0.788
2002-06-01,   -0.811
2002-07-01,    0.139
2002-08-01,    0.138
2002-09-01,   -0.043
2002-10-01,   -0.080
2002-11-01,    0.753
2002-12-01,    1.003
2003-01-01,    0.972
2003-02-01,    0.693
2003-03-01,    0.763
2003-04-01,    0.528
2003-05-01,    0.102
2003-06-01,    0.186
2003-07-01,    0.625
2003-08-01,    0.778
2003-09-01,   -0.201
2003-10-01,    0.413
2003-11-01,   -0.353
2003-12-01,   -0.448
2004-01-01,   -0.170
2004-02-01,   -0.088
2004-03-01,    0.157
2004-04-01,    0.208
2004-05-01,    0.332
2004-06-01,   -0.441
2004-07-01,   -0.020
2004-08-01,    0.399
2004-09-01,   -0.027
2004-10-01,   -0.680
2004-11-01,   -1.186
2004-12-01,   -1.044
2005-01-01,   -0.467
2005-02-01,   -0.013
2005-03-01,    0.576
2005-04-01,    0.125
2005-05-01,    0.824
2005-06-01,    0.267
2005-07-01,    0.016
2005-08-01,   -0.091
2005-09-01,   -0.850
2005-10-01,   -1.676
2005-11-01,   -1.680
2005-12-01,   -0.459
2006-01-01,    0.301
2006-02-01,    0.303
2006-03-01,   -0.194
2006-04-01,   -0.231
2006-05-01,   -0.061
2006-06-01,    0.185
2006-07-01,    0.283
2006-08-01,   -0.582
2006-09-01,   -0.968
2006-10-01,   -0.486
2006-11-01,   -0.671
2006-12-01,   -0.532
2007-01-01,   -0.640
2007-02-01,   -0.416
2007-03-01,   -0.653
2007-04-01,   -0.229
2007-05-01,   -0.259
2007-06-01,   -0.118
2007-07-01,    0.978
2007-08-01,    0.273
2007-09-01,   -0.476
2007-10-01,   -1.779
2007-11-01,   -1.578
2007-12-01,   -1.013
2008-01-01,   -1.574
2008-02-01,   -1.397
2008-03-01,   -1.193
2008-04-01,   -1.543
2008-05-01,   -1.423
2008-06-01,   -1.490
2008-07-01,   -1.209
2008-08-01,   -1.201
2008-09-01,   -1.148
2008-10-01,   -1.405
2008-11-01,   -1.279
2008-12-01,   -1.173
2009-01-01,   -1.553
2009-02-01,   -1.444
2009-03-01,   -1.677
2009-04-01,   -1.519
2009-05-01,   -0.768
2009-06-01,   -0.550
2009-07-01,   -0.397
2009-08-01,    0.017
2009-09-01,    0.579
2009-10-01,    0.083
2009-11-01,   -0.672
2009-12-01,   -0.669
2010-01-01,   -0.172
2010-02-01,    0.069
2010-03-01,   -0.184
2010-04-01,   -0.078
2010-05-01,    0.006
2010-06-01,   -0.653
2010-07-01,   -1.181
2010-08-01,   -1.517
2010-09-01,   -1.629
2010-10-01,   -1.160
2010-11-01,   -1.157
2010-12-01,   -1.686
2011-01-01,   -1.563
2011-02-01,   -1.160
2011-03-01,   -1.043
2011-04-01,   -1.056
2011-05-01,   -1.001
2011-06-01,   -1.528
2011-07-01,   -2.111
2011-08-01,   -1.828
2011-09-01,   -1.693
2011-10-01,   -1.467
2011-11-01,   -2.513
2011-12-01,   -2.196
2012-01-01,   -1.735
2012-02-01,   -1.197
2012-03-01,   -1.304
2012-04-01,   -0.594
2012-05-01,   -1.305
2012-06-01,   -1.026
2012-07-01,   -1.364
2012-08-01,   -1.466
2012-09-01,   -1.850
2012-10-01,   -0.587
2012-11-01,   -0.613
2012-12-01,   -0.967
2013-01-01,   -0.820
2013-02-01,   -1.160
2013-03-01,   -0.943
2013-04-01,   -0.638
2013-05-01,   -0.209
2013-06-01,   -0.925
2013-07-01,   -1.022
2013-08-01,   -1.161
2013-09-01,   -0.659
2013-10-01,   -1.168
2013-11-01,   -0.815
2013-12-01,   -1.289
2014-01-01,   -0.692
2014-02-01,   -0.464
2014-03-01,    0.243
2014-04-01,    0.426
2014-05-01,    1.065
2014-06-01,   -0.428
2014-07-01,    0.229
2014-08-01,    0.136
2014-09-01,    0.119
2014-10-01,    0.551
2014-11-01,    0.708
2014-12-01,    1.257
2015-01-01,    1.006
2015-02-01,    0.935
2015-03-01,    0.942
2015-04-01,    0.561
2015-05-01,    0.213
2015-06-01,    0.463
2015-07-01,    1.355
2015-08-01,    0.792
2015-09-01,    0.882
2015-10-01,    0.759
2015-11-01,   -0.197
2015-12-01,   -0.187
2016-01-01,    0.470
2016-02-01,    0.866
2016-03-01,    1.438
2016-04-01,    1.593
2016-05-01,    1.489
2016-06-01,    1.198
2016-07-01,    0.618
2016-08-01,    0.027
2016-09-01,   -0.283
2016-10-01,   -0.316
2016-11-01,    0.601
2016-12-01,   -0.187
2017-01-01,   -0.433
2017-02-01,   -0.008
2017-03-01,   -0.014
2017-04-01,    0.285
2017-05-01,    0.199
2017-06-01,    0.079
2017-07-01,   -0.185
2017-08-01,    0.003
2017-09-01,    0.242
2017-10-01,   -0.374
2017-11-01,   -0.731
2017-12-01,   -0.277
2018-01-01,   -0.176
2018-02-01,   -0.500
2018-03-01,   -0.908
2018-04-01,   -0.516
2018-05-01,   -0.402
2018-06-01,   -0.727
2018-07-01,   -0.339
2018-08-01,   -0.088
2018-09-01,   -0.218
2018-10-01,   -0.651
2018-11-01,   -0.869
2018-12-01,   -0.339
