Date, PDO from COBE https://psl.noaa.gov/pdo/ Using EOF from 1920 to 2014 for N Pacific (see webpage)
1891-01-01,   -0.089
1891-02-01,   -0.213
1891-03-01,   -0.083
1891-04-01,   -0.355
1891-05-01,   -0.355
1891-06-01,   -0.602
1891-07-01,   -0.375
1891-08-01,    0.661
1891-09-01,    0.497
1891-10-01,    0.118
1891-11-01,    0.059
1891-12-01,   -0.246
1892-01-01,   -1.266
1892-02-01,   -1.186
1892-03-01,   -0.299
1892-04-01,   -0.774
1892-05-01,   -0.990
1892-06-01,   -1.216
1892-07-01,   -1.424
1892-08-01,   -0.094
1892-09-01,   -0.976
1892-10-01,   -0.512
1892-11-01,   -0.537
1892-12-01,   -0.482
1893-01-01,   -0.729
1893-02-01,    0.051
1893-03-01,    0.040
1893-04-01,   -0.349
1893-05-01,   -0.385
1893-06-01,   -1.549
1893-07-01,   -1.285
1893-08-01,    0.284
1893-09-01,    0.077
1893-10-01,   -0.346
1893-11-01,   -0.447
1893-12-01,   -0.483
1894-01-01,   -0.890
1894-02-01,   -0.880
1894-03-01,   -0.949
1894-04-01,   -1.620
1894-05-01,   -1.533
1894-06-01,   -1.883
1894-07-01,   -2.010
1894-08-01,   -0.341
1894-09-01,   -1.154
1894-10-01,   -1.362
1894-11-01,   -0.692
1894-12-01,   -0.506
1895-01-01,   -0.401
1895-02-01,   -0.507
1895-03-01,   -0.278
1895-04-01,   -0.464
1895-05-01,   -0.755
1895-06-01,   -1.270
1895-07-01,    0.274
1895-08-01,    0.734
1895-09-01,    0.294
1895-10-01,   -0.149
1895-11-01,   -0.561
1895-12-01,   -0.620
1896-01-01,   -0.299
1896-02-01,   -0.392
1896-03-01,   -0.052
1896-04-01,   -0.676
1896-05-01,   -0.892
1896-06-01,   -0.990
1896-07-01,   -0.151
1896-08-01,    0.859
1896-09-01,    0.397
1896-10-01,    0.810
1896-11-01,    0.347
1896-12-01,    0.015
1897-01-01,    0.038
1897-02-01,   -0.320
1897-03-01,   -0.734
1897-04-01,   -0.944
1897-05-01,   -0.677
1897-06-01,   -0.008
1897-07-01,    0.672
1897-08-01,    0.622
1897-09-01,    0.533
1897-10-01,   -0.123
1897-11-01,   -1.039
1897-12-01,   -0.779
1898-01-01,   -0.730
1898-02-01,   -0.216
1898-03-01,   -0.829
1898-04-01,   -1.122
1898-05-01,   -0.169
1898-06-01,   -0.365
1898-07-01,   -0.069
1898-08-01,    0.237
1898-09-01,    1.110
1898-10-01,    0.643
1898-11-01,   -0.464
1898-12-01,    0.039
1899-01-01,   -0.407
1899-02-01,   -0.909
1899-03-01,   -0.193
1899-04-01,   -0.380
1899-05-01,   -0.098
1899-06-01,   -0.811
1899-07-01,   -0.507
1899-08-01,    0.172
1899-09-01,    0.444
1899-10-01,    0.248
1899-11-01,    0.604
1899-12-01,    0.612
1900-01-01,    0.743
1900-02-01,    0.088
1900-03-01,    0.210
1900-04-01,   -0.037
1900-05-01,    0.896
1900-06-01,   -0.024
1900-07-01,    0.745
1900-08-01,    1.169
1900-09-01,    0.791
1900-10-01,    0.092
1900-11-01,    0.151
1900-12-01,    0.804
1901-01-01,    1.063
1901-02-01,    0.235
1901-03-01,    0.710
1901-04-01,   -0.465
1901-05-01,   -0.939
1901-06-01,   -0.857
1901-07-01,   -0.545
1901-08-01,   -0.228
1901-09-01,   -0.283
1901-10-01,   -0.128
1901-11-01,   -0.515
1901-12-01,    0.322
1902-01-01,    0.429
1902-02-01,    0.705
1902-03-01,    0.361
1902-04-01,    0.298
1902-05-01,    0.442
1902-06-01,    0.081
1902-07-01,    1.781
1902-08-01,    1.654
1902-09-01,    0.666
1902-10-01,    0.585
1902-11-01,    0.522
1902-12-01,   -0.040
1903-01-01,   -0.170
1903-02-01,   -0.029
1903-03-01,   -0.098
1903-04-01,   -0.112
1903-05-01,    0.261
1903-06-01,   -0.048
1903-07-01,    0.375
1903-08-01,    1.482
1903-09-01,    0.328
1903-10-01,   -0.171
1903-11-01,    0.093
1903-12-01,    0.439
1904-01-01,    0.563
1904-02-01,   -0.122
1904-03-01,   -0.132
1904-04-01,   -0.273
1904-05-01,   -0.546
1904-06-01,   -0.903
1904-07-01,   -1.147
1904-08-01,   -0.017
1904-09-01,    1.273
1904-10-01,    0.679
1904-11-01,    0.476
1904-12-01,    0.798
1905-01-01,    0.990
1905-02-01,    1.048
1905-03-01,    1.965
1905-04-01,    1.373
1905-05-01,    1.391
1905-06-01,   -0.094
1905-07-01,    0.749
1905-08-01,    1.911
1905-09-01,    0.876
1905-10-01,    0.088
1905-11-01,    0.420
1905-12-01,   -0.189
1906-01-01,    0.583
1906-02-01,    0.797
1906-03-01,    0.285
1906-04-01,    0.278
1906-05-01,    1.020
1906-06-01,    0.204
1906-07-01,    0.231
1906-08-01,   -0.134
1906-09-01,    0.003
1906-10-01,   -0.061
1906-11-01,    0.161
1906-12-01,   -0.351
1907-01-01,   -0.442
1907-02-01,   -0.091
1907-03-01,   -0.513
1907-04-01,   -0.557
1907-05-01,   -0.542
1907-06-01,    0.487
1907-07-01,    0.820
1907-08-01,    0.014
1907-09-01,   -0.238
1907-10-01,    1.542
1907-11-01,    0.960
1907-12-01,    1.269
1908-01-01,    0.856
1908-02-01,    0.792
1908-03-01,    0.536
1908-04-01,    0.329
1908-05-01,   -0.132
1908-06-01,   -0.710
1908-07-01,    0.231
1908-08-01,   -0.341
1908-09-01,   -0.225
1908-10-01,   -0.043
1908-11-01,    0.866
1908-12-01,    1.245
1909-01-01,    0.058
1909-02-01,    0.650
1909-03-01,    0.583
1909-04-01,    0.055
1909-05-01,   -0.624
1909-06-01,   -0.724
1909-07-01,   -0.724
1909-08-01,   -1.010
1909-09-01,   -0.358
1909-10-01,   -0.265
1909-11-01,   -0.699
1909-12-01,   -1.356
1910-01-01,   -1.764
1910-02-01,   -1.205
1910-03-01,   -0.371
1910-04-01,   -0.220
1910-05-01,   -1.487
1910-06-01,   -0.580
1910-07-01,   -0.241
1910-08-01,    0.650
1910-09-01,    0.007
1910-10-01,   -0.751
1910-11-01,   -0.524
1910-12-01,    0.449
1911-01-01,   -0.197
1911-02-01,   -0.485
1911-03-01,   -1.059
1911-04-01,   -0.851
1911-05-01,   -0.563
1911-06-01,   -1.409
1911-07-01,   -0.603
1911-08-01,    0.512
1911-09-01,    0.698
1911-10-01,    0.132
1911-11-01,    0.124
1911-12-01,   -0.447
1912-01-01,    0.191
1912-02-01,    0.355
1912-03-01,   -0.269
1912-04-01,   -0.068
1912-05-01,    0.043
1912-06-01,   -0.161
1912-07-01,    0.513
1912-08-01,    0.334
1912-09-01,    1.142
1912-10-01,    0.770
1912-11-01,    0.086
1912-12-01,    0.490
1913-01-01,   -0.096
1913-02-01,    0.824
1913-03-01,   -0.162
1913-04-01,   -0.314
1913-05-01,    0.022
1913-06-01,   -0.097
1913-07-01,    0.855
1913-08-01,    1.300
1913-09-01,    0.919
1913-10-01,    0.611
1913-11-01,    0.547
1913-12-01,   -0.202
1914-01-01,   -0.107
1914-02-01,    0.240
1914-03-01,    0.818
1914-04-01,    1.137
1914-05-01,    0.441
1914-06-01,   -0.015
1914-07-01,   -0.849
1914-08-01,   -0.158
1914-09-01,   -0.118
1914-10-01,   -0.627
1914-11-01,    0.487
1914-12-01,    0.096
1915-01-01,   -0.139
1915-02-01,   -0.295
1915-03-01,    0.621
1915-04-01,    1.548
1915-05-01,    1.843
1915-06-01,    1.470
1915-07-01,    1.231
1915-08-01,    0.943
1915-09-01,    0.576
1915-10-01,   -0.407
1915-11-01,   -0.444
1915-12-01,   -0.305
1916-01-01,   -0.337
1916-02-01,   -0.422
1916-03-01,   -0.227
1916-04-01,   -0.043
1916-05-01,    0.332
1916-06-01,   -1.310
1916-07-01,   -1.064
1916-08-01,   -1.641
1916-09-01,   -1.119
1916-10-01,   -1.084
1916-11-01,   -1.743
1916-12-01,   -1.573
1917-01-01,   -1.332
1917-02-01,   -0.916
1917-03-01,   -1.601
1917-04-01,   -1.110
1917-05-01,   -0.944
1917-06-01,   -1.062
1917-07-01,   -0.670
1917-08-01,    0.020
1917-09-01,   -0.566
1917-10-01,   -0.839
1917-11-01,   -0.213
1917-12-01,    0.014
1918-01-01,    0.360
1918-02-01,   -0.175
1918-03-01,   -0.717
1918-04-01,   -0.467
1918-05-01,   -0.204
1918-06-01,   -0.220
1918-07-01,    0.742
1918-08-01,    0.832
1918-09-01,    0.893
1918-10-01,    1.056
1918-11-01,    0.961
1918-12-01,    0.950
1919-01-01,    1.282
1919-02-01,    0.791
1919-03-01,    0.154
1919-04-01,   -0.224
1919-05-01,   -0.297
1919-06-01,    0.147
1919-07-01,   -0.668
1919-08-01,   -0.164
1919-09-01,    0.197
1919-10-01,    0.263
1919-11-01,    0.326
1919-12-01,    0.593
1920-01-01,    0.296
1920-02-01,   -0.340
1920-03-01,    0.206
1920-04-01,   -0.366
1920-05-01,    0.057
1920-06-01,   -0.427
1920-07-01,   -0.594
1920-08-01,   -0.999
1920-09-01,   -0.856
1920-10-01,   -1.463
1920-11-01,   -0.394
1920-12-01,   -0.168
1921-01-01,   -0.486
1921-02-01,   -0.980
1921-03-01,   -0.638
1921-04-01,   -1.288
1921-05-01,   -1.360
1921-06-01,   -0.591
1921-07-01,   -1.124
1921-08-01,   -1.144
1921-09-01,   -1.061
1921-10-01,   -1.179
1921-11-01,   -0.174
1921-12-01,    0.252
1922-01-01,    0.121
1922-02-01,   -0.935
1922-03-01,   -1.018
1922-04-01,   -1.278
1922-05-01,   -1.399
1922-06-01,   -0.358
1922-07-01,   -0.274
1922-08-01,    0.215
1922-09-01,   -0.205
1922-10-01,    0.423
1922-11-01,   -0.500
1922-12-01,   -0.030
1923-01-01,    0.515
1923-02-01,   -0.223
1923-03-01,   -0.418
1923-04-01,    0.036
1923-05-01,    0.369
1923-06-01,   -0.506
1923-07-01,    0.591
1923-08-01,    0.724
1923-09-01,    0.202
1923-10-01,    0.944
1923-11-01,    0.248
1923-12-01,    0.036
1924-01-01,   -0.130
1924-02-01,   -0.086
1924-03-01,   -0.094
1924-04-01,   -0.746
1924-05-01,    0.008
1924-06-01,    0.164
1924-07-01,   -0.272
1924-08-01,   -0.678
1924-09-01,   -0.904
1924-10-01,   -1.381
1924-11-01,   -1.254
1924-12-01,   -0.419
1925-01-01,   -0.912
1925-02-01,   -0.526
1925-03-01,   -0.367
1925-04-01,   -0.685
1925-05-01,   -0.260
1925-06-01,   -0.225
1925-07-01,   -0.055
1925-08-01,    0.041
1925-09-01,    0.220
1925-10-01,    0.592
1925-11-01,    0.592
1925-12-01,    0.804
1926-01-01,    0.858
1926-02-01,    1.254
1926-03-01,    1.451
1926-04-01,    1.979
1926-05-01,    2.104
1926-06-01,    1.423
1926-07-01,    2.049
1926-08-01,    1.768
1926-09-01,    1.225
1926-10-01,    1.256
1926-11-01,    2.134
1926-12-01,    1.540
1927-01-01,    0.720
1927-02-01,    1.548
1927-03-01,    1.009
1927-04-01,    0.362
1927-05-01,    0.151
1927-06-01,    0.467
1927-07-01,    0.169
1927-08-01,   -0.183
1927-09-01,    0.228
1927-10-01,   -0.279
1927-11-01,    0.026
1927-12-01,   -0.357
1928-01-01,    0.446
1928-02-01,    0.633
1928-03-01,    1.139
1928-04-01,    0.772
1928-05-01,    0.484
1928-06-01,    1.261
1928-07-01,   -0.212
1928-08-01,   -0.224
1928-09-01,   -1.144
1928-10-01,   -0.754
1928-11-01,    0.559
1928-12-01,    0.699
1929-01-01,    0.529
1929-02-01,    0.075
1929-03-01,    0.112
1929-04-01,    0.117
1929-05-01,    0.419
1929-06-01,    0.358
1929-07-01,    0.294
1929-08-01,   -0.111
1929-09-01,    0.886
1929-10-01,    0.753
1929-11-01,    0.715
1929-12-01,    1.364
1930-01-01,    1.079
1930-02-01,    0.930
1930-03-01,    0.777
1930-04-01,    0.701
1930-05-01,    0.052
1930-06-01,   -0.126
1930-07-01,   -0.164
1930-08-01,    0.266
1930-09-01,    0.846
1930-10-01,    0.319
1930-11-01,    0.412
1930-12-01,    0.669
1931-01-01,    1.104
1931-02-01,    1.039
1931-03-01,    1.006
1931-04-01,    1.605
1931-05-01,    2.242
1931-06-01,    2.008
1931-07-01,    2.370
1931-08-01,    0.976
1931-09-01,    0.883
1931-10-01,    0.386
1931-11-01,    0.287
1931-12-01,   -0.194
1932-01-01,   -0.668
1932-02-01,   -0.949
1932-03-01,   -0.410
1932-04-01,    0.440
1932-05-01,    0.081
1932-06-01,   -0.219
1932-07-01,    0.117
1932-08-01,    0.009
1932-09-01,   -0.712
1932-10-01,    0.059
1932-11-01,   -0.200
1932-12-01,    0.164
1933-01-01,   -0.673
1933-02-01,   -0.666
1933-03-01,   -0.808
1933-04-01,   -0.896
1933-05-01,   -1.314
1933-06-01,   -2.156
1933-07-01,   -2.576
1933-08-01,   -1.821
1933-09-01,   -2.208
1933-10-01,   -1.194
1933-11-01,   -0.323
1933-12-01,   -0.363
1934-01-01,   -0.497
1934-02-01,    0.081
1934-03-01,    0.591
1934-04-01,    1.212
1934-05-01,    0.861
1934-06-01,    0.230
1934-07-01,    0.472
1934-08-01,    1.125
1934-09-01,    1.080
1934-10-01,    1.723
1934-11-01,    1.493
1934-12-01,    1.338
1935-01-01,    0.599
1935-02-01,    0.501
1935-03-01,   -0.193
1935-04-01,    0.354
1935-05-01,    0.908
1935-06-01,    1.301
1935-07-01,    0.528
1935-08-01,    0.475
1935-09-01,    0.477
1935-10-01,    0.469
1935-11-01,    0.428
1935-12-01,    1.257
1936-01-01,    1.630
1936-02-01,    1.528
1936-03-01,    0.955
1936-04-01,    0.915
1936-05-01,    1.483
1936-06-01,    1.611
1936-07-01,    2.146
1936-08-01,    2.020
1936-09-01,    0.827
1936-10-01,    1.854
1936-11-01,    2.316
1936-12-01,    1.325
1937-01-01,    0.073
1937-02-01,   -0.398
1937-03-01,   -0.169
1937-04-01,   -0.623
1937-05-01,   -0.288
1937-06-01,    1.031
1937-07-01,    0.211
1937-08-01,   -0.507
1937-09-01,    0.077
1937-10-01,    0.513
1937-11-01,    0.622
1937-12-01,    1.159
1938-01-01,    1.142
1938-02-01,    0.236
1938-03-01,   -0.039
1938-04-01,    0.026
1938-05-01,   -0.165
1938-06-01,   -0.342
1938-07-01,   -0.458
1938-08-01,   -0.217
1938-09-01,    0.054
1938-10-01,    0.710
1938-11-01,    0.321
1938-12-01,    0.570
1939-01-01,    0.529
1939-02-01,   -0.121
1939-03-01,   -0.656
1939-04-01,   -0.147
1939-05-01,   -0.088
1939-06-01,    0.093
1939-07-01,   -0.443
1939-08-01,   -0.678
1939-09-01,   -0.893
1939-10-01,   -0.850
1939-11-01,   -0.415
1939-12-01,    1.538
1940-01-01,    1.914
1940-02-01,    1.905
1940-03-01,    1.851
1940-04-01,    2.064
1940-05-01,    1.979
1940-06-01,    2.358
1940-07-01,    2.078
1940-08-01,    1.779
1940-09-01,    1.557
1940-10-01,    1.607
1940-11-01,    1.586
1940-12-01,    2.260
1941-01-01,    2.417
1941-02-01,    2.811
1941-03-01,    2.267
1941-04-01,    2.298
1941-05-01,    2.365
1941-06-01,    2.824
1941-07-01,    2.603
1941-08-01,    2.979
1941-09-01,    2.256
1941-10-01,    1.344
1941-11-01,    1.803
1941-12-01,    1.649
1942-01-01,    1.902
1942-02-01,    0.538
1942-03-01,    0.178
1942-04-01,    1.158
1942-05-01,    0.738
1942-06-01,    0.509
1942-07-01,    0.232
1942-08-01,    0.650
1942-09-01,    0.420
1942-10-01,    0.111
1942-11-01,   -0.550
1942-12-01,   -0.967
1943-01-01,   -0.292
1943-02-01,   -0.432
1943-03-01,   -0.362
1943-04-01,    0.181
1943-05-01,    0.140
1943-06-01,    0.157
1943-07-01,   -0.611
1943-08-01,   -0.880
1943-09-01,   -0.443
1943-10-01,   -0.501
1943-11-01,   -0.147
1943-12-01,    0.663
1944-01-01,    0.163
1944-02-01,   -0.186
1944-03-01,   -0.037
1944-04-01,   -0.563
1944-05-01,   -0.701
1944-06-01,   -1.094
1944-07-01,   -0.468
1944-08-01,   -0.667
1944-09-01,   -0.562
1944-10-01,   -0.966
1944-11-01,    0.159
1944-12-01,   -1.055
1945-01-01,   -0.538
1945-02-01,    0.261
1945-03-01,   -1.270
1945-04-01,   -0.426
1945-05-01,   -0.525
1945-06-01,    0.258
1945-07-01,    0.620
1945-08-01,   -0.017
1945-09-01,   -0.263
1945-10-01,    0.118
1945-11-01,   -1.067
1945-12-01,   -1.302
1946-01-01,   -0.017
1946-02-01,    0.019
1946-03-01,   -0.630
1946-04-01,   -0.585
1946-05-01,   -0.921
1946-06-01,    0.282
1946-07-01,    0.828
1946-08-01,   -0.007
1946-09-01,    0.010
1946-10-01,   -0.319
1946-11-01,   -1.010
1946-12-01,   -0.926
1947-01-01,   -1.230
1947-02-01,   -0.927
1947-03-01,    0.334
1947-04-01,    0.472
1947-05-01,   -0.071
1947-06-01,    0.655
1947-07-01,    0.249
1947-08-01,    0.266
1947-09-01,    0.483
1947-10-01,    0.831
1947-11-01,    0.403
1947-12-01,    0.564
1948-01-01,    0.370
1948-02-01,   -0.900
1948-03-01,   -0.635
1948-04-01,   -0.930
1948-05-01,   -0.968
1948-06-01,   -0.889
1948-07-01,   -0.294
1948-08-01,   -1.347
1948-09-01,   -0.680
1948-10-01,   -1.243
1948-11-01,   -0.487
1948-12-01,   -0.476
1949-01-01,   -2.676
1949-02-01,   -2.970
1949-03-01,   -1.728
1949-04-01,   -1.440
1949-05-01,   -1.154
1949-06-01,   -0.668
1949-07-01,   -0.858
1949-08-01,   -1.234
1949-09-01,   -0.851
1949-10-01,   -1.385
1949-11-01,   -0.911
1949-12-01,   -0.830
1950-01-01,   -1.533
1950-02-01,   -1.884
1950-03-01,   -1.594
1950-04-01,   -1.550
1950-05-01,   -2.470
1950-06-01,   -1.789
1950-07-01,   -2.609
1950-08-01,   -1.876
1950-09-01,   -1.508
1950-10-01,   -1.278
1950-11-01,   -1.442
1950-12-01,   -0.873
1951-01-01,   -0.898
1951-02-01,   -1.286
1951-03-01,   -1.484
1951-04-01,   -1.123
1951-05-01,   -0.728
1951-06-01,   -0.799
1951-07-01,    0.223
1951-08-01,   -0.693
1951-09-01,    0.025
1951-10-01,    0.339
1951-11-01,   -0.270
1951-12-01,   -1.169
1952-01-01,   -2.104
1952-02-01,   -1.306
1952-03-01,   -1.399
1952-04-01,   -1.677
1952-05-01,   -1.546
1952-06-01,   -1.882
1952-07-01,   -1.518
1952-08-01,   -0.566
1952-09-01,   -0.742
1952-10-01,   -0.010
1952-11-01,   -0.059
1952-12-01,   -0.888
1953-01-01,   -0.251
1953-02-01,   -0.385
1953-03-01,   -1.052
1953-04-01,   -0.497
1953-05-01,   -0.289
1953-06-01,   -0.562
1953-07-01,    0.008
1953-08-01,   -0.517
1953-09-01,   -0.464
1953-10-01,   -0.866
1953-11-01,   -0.370
1953-12-01,   -0.143
1954-01-01,   -0.830
1954-02-01,   -0.692
1954-03-01,   -0.825
1954-04-01,   -0.853
1954-05-01,   -0.177
1954-06-01,    0.331
1954-07-01,    0.281
1954-08-01,    0.040
1954-09-01,   -0.530
1954-10-01,    0.129
1954-11-01,    0.816
1954-12-01,    0.340
1955-01-01,   -0.364
1955-02-01,   -0.980
1955-03-01,   -1.111
1955-04-01,   -1.733
1955-05-01,   -1.676
1955-06-01,   -2.379
1955-07-01,   -2.344
1955-08-01,   -2.166
1955-09-01,   -2.008
1955-10-01,   -2.996
1955-11-01,   -2.291
1955-12-01,   -1.829
1956-01-01,   -1.782
1956-02-01,   -1.897
1956-03-01,   -2.403
1956-04-01,   -2.230
1956-05-01,   -1.447
1956-06-01,   -1.863
1956-07-01,   -1.325
1956-08-01,   -0.784
1956-09-01,   -0.374
1956-10-01,   -1.390
1956-11-01,   -1.911
1956-12-01,   -0.944
1957-01-01,   -1.259
1957-02-01,   -1.252
1957-03-01,   -0.667
1957-04-01,   -0.393
1957-05-01,    0.120
1957-06-01,    1.110
1957-07-01,    0.626
1957-08-01,    0.454
1957-09-01,    1.605
1957-10-01,    1.747
1957-11-01,    1.502
1957-12-01,    0.401
1958-01-01,    0.613
1958-02-01,    1.066
1958-03-01,    0.694
1958-04-01,    0.662
1958-05-01,    1.180
1958-06-01,    1.318
1958-07-01,    0.648
1958-08-01,    1.285
1958-09-01,    1.014
1958-10-01,    0.533
1958-11-01,    0.349
1958-12-01,    1.174
1959-01-01,    0.951
1959-02-01,    0.584
1959-03-01,    0.037
1959-04-01,    0.162
1959-05-01,    0.204
1959-06-01,    0.334
1959-07-01,    0.110
1959-08-01,   -0.093
1959-09-01,   -0.289
1959-10-01,    0.861
1959-11-01,    1.379
1959-12-01,    0.992
1960-01-01,    0.293
1960-02-01,    0.618
1960-03-01,    0.477
1960-04-01,    0.532
1960-05-01,    0.574
1960-06-01,    0.698
1960-07-01,   -0.292
1960-08-01,   -0.054
1960-09-01,   -0.548
1960-10-01,   -0.091
1960-11-01,   -0.006
1960-12-01,    0.348
1961-01-01,    0.877
1961-02-01,    0.898
1961-03-01,    0.600
1961-04-01,    0.478
1961-05-01,   -0.261
1961-06-01,   -0.329
1961-07-01,   -0.675
1961-08-01,   -0.439
1961-09-01,   -0.865
1961-10-01,   -1.597
1961-11-01,   -1.478
1961-12-01,   -1.849
1962-01-01,   -1.367
1962-02-01,   -1.093
1962-03-01,   -1.089
1962-04-01,   -0.692
1962-05-01,   -0.990
1962-06-01,   -1.709
1962-07-01,   -1.627
1962-08-01,   -0.698
1962-09-01,   -1.172
1962-10-01,   -1.479
1962-11-01,   -0.471
1962-12-01,   -0.685
1963-01-01,   -0.311
1963-02-01,    0.210
1963-03-01,   -0.250
1963-04-01,   -0.428
1963-05-01,   -0.903
1963-06-01,   -0.983
1963-07-01,   -0.969
1963-08-01,   -0.832
1963-09-01,    0.520
1963-10-01,   -0.158
1963-11-01,   -0.774
1963-12-01,   -0.355
1964-01-01,    0.187
1964-02-01,   -0.136
1964-03-01,   -0.740
1964-04-01,   -1.086
1964-05-01,   -1.831
1964-06-01,   -0.747
1964-07-01,   -1.181
1964-08-01,   -1.323
1964-09-01,   -1.153
1964-10-01,   -0.630
1964-11-01,   -0.910
1964-12-01,   -0.836
1965-01-01,   -0.952
1965-02-01,   -0.644
1965-03-01,   -0.288
1965-04-01,   -0.116
1965-05-01,   -0.476
1965-06-01,   -0.637
1965-07-01,   -0.683
1965-08-01,    0.398
1965-09-01,    0.797
1965-10-01,    0.550
1965-11-01,    0.429
1965-12-01,   -0.071
1966-01-01,   -0.800
1966-02-01,   -0.591
1966-03-01,   -0.796
1966-04-01,   -0.052
1966-05-01,   -0.421
1966-06-01,   -0.113
1966-07-01,    0.087
1966-08-01,    0.052
1966-09-01,   -0.028
1966-10-01,   -0.309
1966-11-01,   -0.519
1966-12-01,   -0.220
1967-01-01,   -0.447
1967-02-01,   -0.452
1967-03-01,   -0.681
1967-04-01,   -0.963
1967-05-01,   -1.281
1967-06-01,   -1.206
1967-07-01,   -0.969
1967-08-01,   -1.076
1967-09-01,   -0.432
1967-10-01,   -0.249
1967-11-01,   -0.031
1967-12-01,   -0.942
1968-01-01,   -0.879
1968-02-01,   -0.387
1968-03-01,   -0.009
1968-04-01,   -0.581
1968-05-01,   -0.498
1968-06-01,    0.036
1968-07-01,    0.518
1968-08-01,    0.222
1968-09-01,    0.422
1968-10-01,    0.117
1968-11-01,    0.142
1968-12-01,   -0.061
1969-01-01,   -0.383
1969-02-01,   -0.866
1969-03-01,   -0.804
1969-04-01,   -0.612
1969-05-01,   -0.552
1969-06-01,    0.957
1969-07-01,    0.030
1969-08-01,   -0.442
1969-09-01,   -0.563
1969-10-01,    0.980
1969-11-01,    0.596
1969-12-01,    1.016
1970-01-01,    1.021
1970-02-01,    1.022
1970-03-01,    1.118
1970-04-01,    0.427
1970-05-01,   -0.519
1970-06-01,   -0.232
1970-07-01,   -0.611
1970-08-01,   -1.283
1970-09-01,   -1.202
1970-10-01,   -0.900
1970-11-01,   -0.633
1970-12-01,   -1.008
1971-01-01,   -1.391
1971-02-01,   -1.311
1971-03-01,   -1.355
1971-04-01,   -1.400
1971-05-01,   -1.553
1971-06-01,   -1.780
1971-07-01,   -2.059
1971-08-01,   -0.367
1971-09-01,   -0.017
1971-10-01,   -0.391
1971-11-01,   -1.134
1971-12-01,   -1.860
1972-01-01,   -1.737
1972-02-01,   -1.622
1972-03-01,   -1.242
1972-04-01,   -1.266
1972-05-01,   -1.674
1972-06-01,   -1.476
1972-07-01,   -0.890
1972-08-01,    0.246
1972-09-01,    0.277
1972-10-01,    0.264
1972-11-01,    0.337
1972-12-01,    0.055
1973-01-01,    0.092
1973-02-01,   -0.233
1973-03-01,   -0.499
1973-04-01,   -0.747
1973-05-01,   -0.986
1973-06-01,   -1.016
1973-07-01,   -0.637
1973-08-01,   -0.720
1973-09-01,   -0.454
1973-10-01,   -0.716
1973-11-01,   -1.181
1973-12-01,   -1.033
1974-01-01,   -0.758
1974-02-01,   -1.078
1974-03-01,   -0.987
1974-04-01,   -0.496
1974-05-01,   -0.535
1974-06-01,   -0.582
1974-07-01,   -0.127
1974-08-01,    0.103
1974-09-01,    0.886
1974-10-01,    0.391
1974-11-01,    0.468
1974-12-01,    0.108
1975-01-01,   -0.548
1975-02-01,   -0.760
1975-03-01,   -0.839
1975-04-01,   -1.375
1975-05-01,   -1.620
1975-06-01,   -1.272
1975-07-01,   -0.682
1975-08-01,   -0.963
1975-09-01,   -0.939
1975-10-01,   -1.176
1975-11-01,   -1.521
1975-12-01,   -1.476
1976-01-01,   -1.051
1976-02-01,   -0.829
1976-03-01,   -1.076
1976-04-01,   -1.136
1976-05-01,   -0.976
1976-06-01,   -1.178
1976-07-01,    0.220
1976-08-01,    0.955
1976-09-01,    0.630
1976-10-01,    1.157
1976-11-01,    1.338
1976-12-01,    1.099
1977-01-01,    1.190
1977-02-01,    1.505
1977-03-01,    0.728
1977-04-01,    0.178
1977-05-01,    0.010
1977-06-01,    0.368
1977-07-01,    0.143
1977-08-01,    0.517
1977-09-01,    0.056
1977-10-01,   -0.262
1977-11-01,    0.082
1977-12-01,    0.166
1978-01-01,    0.760
1978-02-01,    1.021
1978-03-01,    1.391
1978-04-01,    1.054
1978-05-01,    0.905
1978-06-01,    0.224
1978-07-01,   -0.862
1978-08-01,   -0.316
1978-09-01,   -0.247
1978-10-01,    0.251
1978-11-01,    0.304
1978-12-01,   -0.235
1979-01-01,   -0.017
1979-02-01,   -0.719
1979-03-01,   -0.125
1979-04-01,    0.123
1979-05-01,    0.806
1979-06-01,    0.437
1979-07-01,    0.478
1979-08-01,    0.618
1979-09-01,    1.337
1979-10-01,    1.413
1979-11-01,    0.960
1979-12-01,    0.486
1980-01-01,    0.519
1980-02-01,    1.111
1980-03-01,    1.043
1980-04-01,    1.140
1980-05-01,    1.124
1980-06-01,   -0.249
1980-07-01,    0.100
1980-08-01,    0.328
1980-09-01,    0.251
1980-10-01,    1.293
1980-11-01,    1.103
1980-12-01,    0.741
1981-01-01,    1.317
1981-02-01,    1.422
1981-03-01,    1.486
1981-04-01,    1.187
1981-05-01,    1.438
1981-06-01,    1.842
1981-07-01,    0.723
1981-08-01,    0.610
1981-09-01,    0.803
1981-10-01,    0.213
1981-11-01,    0.643
1981-12-01,    0.644
1982-01-01,    0.331
1982-02-01,    0.187
1982-03-01,    0.172
1982-04-01,   -0.139
1982-05-01,   -0.577
1982-06-01,   -0.419
1982-07-01,    0.615
1982-08-01,    0.581
1982-09-01,    1.125
1982-10-01,    0.736
1982-11-01,    0.007
1982-12-01,    0.332
1983-01-01,    0.743
1983-02-01,    1.356
1983-03-01,    1.956
1983-04-01,    1.688
1983-05-01,    1.253
1983-06-01,    1.814
1983-07-01,    2.340
1983-08-01,    1.509
1983-09-01,    0.808
1983-10-01,    0.874
1983-11-01,    1.107
1983-12-01,    1.351
1984-01-01,    1.219
1984-02-01,    1.165
1984-03-01,    1.446
1984-04-01,    1.165
1984-05-01,    0.954
1984-06-01,    0.110
1984-07-01,   -0.025
1984-08-01,    0.500
1984-09-01,    0.692
1984-10-01,    0.650
1984-11-01,    0.529
1984-12-01,    0.430
1985-01-01,    0.803
1985-02-01,    0.669
1985-03-01,   -0.041
1985-04-01,   -0.051
1985-05-01,   -0.242
1985-06-01,    0.253
1985-07-01,    1.054
1985-08-01,    0.874
1985-09-01,    0.662
1985-10-01,    0.523
1985-11-01,   -0.330
1985-12-01,    0.430
1986-01-01,    0.972
1986-02-01,    1.635
1986-03-01,    1.999
1986-04-01,    1.309
1986-05-01,    1.037
1986-06-01,    0.930
1986-07-01,    1.360
1986-08-01,    0.632
1986-09-01,    0.775
1986-10-01,    1.296
1986-11-01,    1.732
1986-12-01,    1.538
1987-01-01,    1.540
1987-02-01,    1.636
1987-03-01,    1.487
1987-04-01,    1.570
1987-05-01,    1.335
1987-06-01,    0.641
1987-07-01,    1.620
1987-08-01,    1.933
1987-09-01,    1.777
1987-10-01,    1.256
1987-11-01,    1.152
1987-12-01,    0.753
1988-01-01,    0.352
1988-02-01,    0.654
1988-03-01,    0.678
1988-04-01,    0.565
1988-05-01,    0.588
1988-06-01,    0.270
1988-07-01,    0.172
1988-08-01,   -0.146
1988-09-01,   -0.339
1988-10-01,    0.058
1988-11-01,    0.088
1988-12-01,   -0.158
1989-01-01,   -1.043
1989-02-01,   -0.873
1989-03-01,   -0.788
1989-04-01,   -0.080
1989-05-01,    0.209
1989-06-01,    0.208
1989-07-01,    0.334
1989-08-01,   -0.012
1989-09-01,   -0.003
1989-10-01,   -0.161
1989-11-01,   -0.333
1989-12-01,    0.058
1990-01-01,   -0.184
1990-02-01,   -0.780
1990-03-01,   -0.578
1990-04-01,    0.162
1990-05-01,    0.003
1990-06-01,   -0.089
1990-07-01,   -0.106
1990-08-01,   -0.013
1990-09-01,    0.188
1990-10-01,   -0.545
1990-11-01,   -1.292
1990-12-01,   -1.720
1991-01-01,   -1.503
1991-02-01,   -0.616
1991-03-01,   -0.621
1991-04-01,   -1.121
1991-05-01,   -1.007
1991-06-01,   -1.900
1991-07-01,   -1.051
1991-08-01,   -0.354
1991-09-01,    0.389
1991-10-01,    0.580
1991-11-01,    0.481
1991-12-01,   -0.066
1992-01-01,    0.100
1992-02-01,    0.301
1992-03-01,    0.293
1992-04-01,    0.639
1992-05-01,    1.491
1992-06-01,    1.333
1992-07-01,    1.827
1992-08-01,    1.209
1992-09-01,    0.905
1992-10-01,    1.252
1992-11-01,    1.307
1992-12-01,    0.510
1993-01-01,   -0.066
1993-02-01,    0.240
1993-03-01,    0.619
1993-04-01,    1.105
1993-05-01,    1.681
1993-06-01,    2.040
1993-07-01,    1.537
1993-08-01,    1.974
1993-09-01,    1.456
1993-10-01,    1.397
1993-11-01,    1.047
1993-12-01,    0.628
1994-01-01,    0.924
1994-02-01,    0.470
1994-03-01,    0.466
1994-04-01,    0.746
1994-05-01,    0.757
1994-06-01,    0.243
1994-07-01,   -0.238
1994-08-01,   -0.358
1994-09-01,   -0.902
1994-10-01,   -0.785
1994-11-01,   -1.548
1994-12-01,   -2.001
1995-01-01,   -0.578
1995-02-01,    0.289
1995-03-01,    0.781
1995-04-01,    0.738
1995-05-01,    1.069
1995-06-01,    0.969
1995-07-01,    1.410
1995-08-01,    0.176
1995-09-01,    1.187
1995-10-01,    0.422
1995-11-01,    0.099
1995-12-01,    0.470
1996-01-01,    0.750
1996-02-01,    0.807
1996-03-01,    0.805
1996-04-01,    1.230
1996-05-01,    1.859
1996-06-01,    1.151
1996-07-01,    0.342
1996-08-01,   -0.105
1996-09-01,    0.547
1996-10-01,    0.475
1996-11-01,    0.592
1996-12-01,    0.125
1997-01-01,    0.588
1997-02-01,    0.620
1997-03-01,    0.577
1997-04-01,    0.914
1997-05-01,    1.625
1997-06-01,    2.262
1997-07-01,    1.328
1997-08-01,    1.982
1997-09-01,    1.594
1997-10-01,    1.533
1997-11-01,    1.159
1997-12-01,    0.595
1998-01-01,    0.883
1998-02-01,    1.332
1998-03-01,    1.434
1998-04-01,    0.350
1998-05-01,   -0.248
1998-06-01,   -0.232
1998-07-01,   -0.456
1998-08-01,   -0.119
1998-09-01,   -0.780
1998-10-01,   -1.428
1998-11-01,   -0.653
1998-12-01,   -0.841
1999-01-01,   -0.612
1999-02-01,   -0.993
1999-03-01,   -0.861
1999-04-01,   -1.268
1999-05-01,   -1.515
1999-06-01,   -1.643
1999-07-01,   -1.096
1999-08-01,   -0.992
1999-09-01,   -1.329
1999-10-01,   -1.796
1999-11-01,   -1.790
1999-12-01,   -1.493
2000-01-01,   -1.781
2000-02-01,   -0.975
2000-03-01,   -0.432
2000-04-01,   -0.366
2000-05-01,   -0.541
2000-06-01,   -0.514
2000-07-01,   -0.733
2000-08-01,   -1.003
2000-09-01,   -0.895
2000-10-01,   -0.790
2000-11-01,   -0.687
2000-12-01,   -0.178
2001-01-01,    0.246
2001-02-01,   -0.047
2001-03-01,   -0.157
2001-04-01,   -0.823
2001-05-01,   -0.673
2001-06-01,   -1.049
2001-07-01,   -1.499
2001-08-01,   -0.893
2001-09-01,   -1.151
2001-10-01,   -1.162
2001-11-01,   -0.859
2001-12-01,   -0.976
2002-01-01,   -0.283
2002-02-01,   -0.906
2002-03-01,   -0.810
2002-04-01,   -0.703
2002-05-01,   -1.133
2002-06-01,   -0.824
2002-07-01,   -0.377
2002-08-01,    0.174
2002-09-01,    0.101
2002-10-01,    0.163
2002-11-01,    0.987
2002-12-01,    1.268
2003-01-01,    1.298
2003-02-01,    1.041
2003-03-01,    1.023
2003-04-01,    0.376
2003-05-01,   -0.055
2003-06-01,   -0.087
2003-07-01,    0.447
2003-08-01,    0.629
2003-09-01,   -0.165
2003-10-01,    0.629
2003-11-01,   -0.168
2003-12-01,   -0.467
2004-01-01,   -0.177
2004-02-01,   -0.112
2004-03-01,    0.255
2004-04-01,    0.112
2004-05-01,    0.441
2004-06-01,   -0.338
2004-07-01,    0.114
2004-08-01,    0.491
2004-09-01,    0.258
2004-10-01,   -0.434
2004-11-01,   -0.894
2004-12-01,   -0.671
2005-01-01,   -0.053
2005-02-01,    0.205
2005-03-01,    0.782
2005-04-01,    0.586
2005-05-01,    1.210
2005-06-01,    0.619
2005-07-01,    0.089
2005-08-01,   -0.170
2005-09-01,   -0.720
2005-10-01,   -1.567
2005-11-01,   -1.586
2005-12-01,   -0.188
2006-01-01,    0.531
2006-02-01,    0.463
2006-03-01,   -0.185
2006-04-01,   -0.322
2006-05-01,   -0.216
2006-06-01,    0.245
2006-07-01,    0.487
2006-08-01,   -0.435
2006-09-01,   -0.849
2006-10-01,   -0.191
2006-11-01,   -0.465
2006-12-01,   -0.332
2007-01-01,   -0.420
2007-02-01,   -0.163
2007-03-01,   -0.438
2007-04-01,    0.018
2007-05-01,    0.060
2007-06-01,    0.107
2007-07-01,    0.767
2007-08-01,    0.289
2007-09-01,   -0.491
2007-10-01,   -1.762
2007-11-01,   -1.327
2007-12-01,   -0.720
2008-01-01,   -1.210
2008-02-01,   -1.030
2008-03-01,   -0.786
2008-04-01,   -1.372
2008-05-01,   -1.183
2008-06-01,   -1.300
2008-07-01,   -1.162
2008-08-01,   -1.090
2008-09-01,   -1.191
2008-10-01,   -1.492
2008-11-01,   -1.264
2008-12-01,   -1.075
2009-01-01,   -1.414
2009-02-01,   -1.354
2009-03-01,   -1.627
2009-04-01,   -1.701
2009-05-01,   -0.899
2009-06-01,   -0.322
2009-07-01,   -0.263
2009-08-01,    0.073
2009-09-01,    0.646
2009-10-01,    0.283
2009-11-01,   -0.544
2009-12-01,   -0.367
2010-01-01,    0.354
2010-02-01,    0.398
2010-03-01,    0.112
2010-04-01,    0.137
2010-05-01,    0.042
2010-06-01,   -0.652
2010-07-01,   -1.360
2010-08-01,   -1.424
2010-09-01,   -1.616
2010-10-01,   -1.127
2010-11-01,   -1.175
2010-12-01,   -1.714
2011-01-01,   -1.343
2011-02-01,   -1.034
2011-03-01,   -0.904
2011-04-01,   -0.743
2011-05-01,   -0.919
2011-06-01,   -1.328
2011-07-01,   -2.225
2011-08-01,   -1.971
2011-09-01,   -1.725
2011-10-01,   -1.446
2011-11-01,   -2.480
2011-12-01,   -2.214
2012-01-01,   -1.587
2012-02-01,   -1.046
2012-03-01,   -1.166
2012-04-01,   -0.473
2012-05-01,   -1.266
2012-06-01,   -1.244
2012-07-01,   -1.763
2012-08-01,   -1.968
2012-09-01,   -2.163
2012-10-01,   -0.621
2012-11-01,   -0.615
2012-12-01,   -1.136
2013-01-01,   -0.884
2013-02-01,   -1.012
2013-03-01,   -0.941
2013-04-01,   -0.410
2013-05-01,   -0.312
2013-06-01,   -1.012
2013-07-01,   -1.037
2013-08-01,   -0.943
2013-09-01,   -0.592
2013-10-01,   -1.158
2013-11-01,   -0.709
2013-12-01,   -0.970
2014-01-01,   -0.351
2014-02-01,   -0.162
2014-03-01,    0.643
2014-04-01,    0.653
2014-05-01,    1.339
2014-06-01,   -0.073
2014-07-01,    0.465
2014-08-01,    0.386
2014-09-01,    0.530
2014-10-01,    1.097
2014-11-01,    1.113
2014-12-01,    1.509
2015-01-01,    1.446
2015-02-01,    1.683
2015-03-01,    1.575
2015-04-01,    0.980
2015-05-01,    0.593
2015-06-01,    0.623
2015-07-01,    1.370
2015-08-01,    0.838
2015-09-01,    1.113
2015-10-01,    0.875
2015-11-01,   -0.072
2015-12-01,   -0.053
2016-01-01,    0.568
2016-02-01,    1.152
2016-03-01,    1.704
2016-04-01,    1.807
2016-05-01,    1.516
2016-06-01,    0.959
2016-07-01,    0.452
2016-08-01,   -0.167
2016-09-01,   -0.307
2016-10-01,   -0.147
2016-11-01,    0.800
2016-12-01,    0.078
2017-01-01,   -0.099
2017-02-01,    0.167
2017-03-01,    0.249
2017-04-01,    0.486
2017-05-01,    0.623
2017-06-01,    0.463
2017-07-01,   -0.347
2017-08-01,   -0.157
2017-09-01,    0.167
2017-10-01,   -0.493
2017-11-01,   -0.518
2017-12-01,   -0.202
2018-01-01,    0.116
2018-02-01,   -0.227
2018-03-01,   -0.651
2018-04-01,   -0.377
2018-05-01,   -0.152
2018-06-01,   -0.566
2018-07-01,   -0.209
2018-08-01,   -0.080
2018-09-01,   -0.195
2018-10-01,   -0.407
2018-11-01,   -0.540
2018-12-01,   -0.294
2019-01-01,   -0.238
2019-02-01,   -0.419
2019-03-01,   -0.292
2019-04-01,    0.093
2019-05-01,    0.426
2019-06-01,    0.325
2019-07-01,    0.489
2019-08-01,    0.010
2019-09-01,    0.100
2019-10-01,   -0.880
2019-11-01,   -0.222
2019-12-01,    0.130
2020-01-01,   -0.767
2020-02-01,   -0.901
2020-03-01,   -1.389
2020-04-01,   -1.157
2020-05-01,   -0.538
2020-06-01,   -0.868
2020-07-01,   -0.980
2020-08-01,   -1.259
2020-09-01,   -1.002
2020-10-01,   -0.650
2020-11-01,   -1.448
2020-12-01,   -0.938
2021-01-01,   -0.627
2021-02-01,   -0.862
2021-03-01,   -1.408
2021-04-01,   -1.263
2021-05-01,   -1.608
2021-06-01,-9999.000
2021-07-01,-9999.000
2021-08-01,-9999.000
2021-09-01,-9999.000
2021-10-01,-9999.000
2021-11-01,-9999.000
2021-12-01,-9999.000
